JOBS,,,,,,,COMPANIES
,,,,,,,
Java Developer,,,,,,,Revature
Associate software developer,,,,,,,Pearson
Software Developer,,,,,,,Robert Half
Software Developer ,,,,,,,Remote Team inc 
Web Developer,,,,,,,PlexTrac
Web Software Engineer - Early Career,,,,,,,Twitter
Software Developer ,,,,,,,Epitec
Software Developer (CI/CD),,,,,,,Intelerad Medical Systems
Associate Software Engineer ,,,,,,,Schweitzer Engineering Laboratories
Software Developer ,,,,,,,Workforce Oppurtunity Services
,,,,,,,
,,,,,,,
,,,,,,,
,,,,,,,
,,,,,,,
,,,,,,,
,,,,,,,
,,,,,,,
,,,,,,,
,,,,,,,
,,,,,,,
,,,,,,,
,,,,,,,
,,,,,,,
,,,,,,,
,,,,,,,
,,,,,,,
,,,,,,,
,,,,,,,
,,,,,,,
,,,,,,,
,,,,,,,
,,,,,,,
,,,,,,,
,,,,,,,
,,,,,,,
,,,,,,,
,,,,,,,
,,,,,,,
,,,,,,,
,,,,,,,
,,,,,,,
,,,,,,,
,,,,,,,
,,,,,,,
,,,,,,,
,,,,,,,
,,,,,,,
,,,,,,,
,,,,,,,
,,,,,,,
,,,,,,,
,,,,,,,
